1,"Weekend Discussion Thread for the Weekend of April 30, 2021Weekend Discussion (self.wallstreetbets)",OPINION_IS_UNPOPULAR,544,23003
2,Why I think the market will see a 30-50% correction by SeptemberTechnical Analysis (self.wallstreetbets),cityslicker265,3443,1282
3,CLOV EARNINGS ON MAY 17 2021 ğŸ€ğŸ–ï¸Discussion (self.wallstreetbets),Lemke666,296,241
4,CLOV - Some Option InformationOCDiscussion (self.wallstreetbets),rigdaboss,None,38
5,UWMC Earnings PlayDD (self.wallstreetbets),hardyrekshin,94,77
6,Follow-Up Technical Analysis DD on CLOV as of 4/30/21DD (self.wallstreetbets),UnfazedSynergy,None,16
7,CLOV volume price analysisTechnical Analysis (self.wallstreetbets),RaisedbywolvesLP,536,252
8,Regarding my BTX DD from earlier this weekDD (self.wallstreetbets),cn239,None,5
9,CLOV Due Diligence Summary - Using Machine Learning and AI to Disrupt an Archaic Business Model Industry - 46% YOY Revenue Growth - 217% YOY MA Market GrowthDD (self.wallstreetbets),iam6ft10,413,203
10,Just what is going on with Vaxart? Up to date with VXRT and why I am betting this stock will potentially climb to higher highs (at least 2x).DD (self.wallstreetbets),zozland,414,182
11,Bloomberg article indirectly talking up BlackBerryâ€™s massive TAMDD (self.wallstreetbets),WallStreetRetardd,167,18
12,Correlation between Short Sale Interest and Aurora Cannabis ACB Stock PriceğŸ¥¦ğŸ”¥ğŸš€ğŸŒDD (self.wallstreetbets),dhipprokko,112,156
13,Cohu; the plug for your favorite semiconductor companiesDD (self.wallstreetbets),Radish-Perfect,101,50
14,Khan's Watchlist for 05/03/21-05/07/21Discussion (self.wallstreetbets),KhanUlrik,2,43
15,"SPCE still has legs, but faces challengersDD (self.wallstreetbets)",Donlorenzo_23,67,111
16,"Clean Meat is at the brink of revolutionising the livestock and fishing industries, expected to hit the market this year. How to get in as a dirty retailer.DD (self.wallstreetbets)",Kuentai,None,20
17,I analyze mentions and sentiment of stocks across Reddit and Twitter! This week's most discussed and top growing stocks!OCDiscussion (self.wallstreetbets),nobjos,218,157
18,"Understanding Serverless: Fastly, Software-Defined Networks, and the Cloudflare vs. Fastly DebateDD (self.wallstreetbets)",notbrokemexican,67,72
19,I analyzed all the Motley Fool Premium recommendations since 2013 and benchmarked them against S&P500 returns. Here are the results!OCDD (self.wallstreetbets),nobjos,17.3k,1459
20,$NNDM - May literally 3D Print Solid ReturnsDD (self.wallstreetbets),CrystalPepsi10,61,55
21,INFLATION NATIONDiscussion (self.wallstreetbets),Old_Man_Papa,1098,631
22,BTX - Brooklyn Immuno-therapeuticsDiscussion (self.wallstreetbets),magicruby_,151,117
23,"DD My Fat Ex-wife edition - Becky Stocks - Etsy - Down 5% April 30th, not going to stay down.DD (self.wallstreetbets)",PatrickSebast,117,67
24,Self Driving Car and TeslaDiscussion (self.wallstreetbets),caelitina,27,30
25,A message to Buffet and his ass kickersDiscussion (self.wallstreetbets),1GiverOfBadAdvice,0,2
26,Defending QuantumScapeOCDD (self.wallstreetbets),Raccoon_Glittering,5,64
27,My reason why $JD can hit 90 in the next month to 2 monthsDD (self.wallstreetbets),yushey1,34,93
28,"Because people keep asking: The NrdRage ETF, May Edition: From ğŸ‚ to ğŸŒˆğŸ»because May is just the pre-funk to Pride MonthDiscussion (self.wallstreetbets)",NrdRage,214,128
29,"NrdRage's Friday DD: I promised you a layup, so here you go. It's inevitable, so I for one welcome our new Chinese overlord Chairman XiMao. The company who will sell you everything except freedom and independence. $BABA-BooeyDD (self.wallstreetbets)",NrdRage,547,234
30,Quick TA DD on CLOV as of 4/29/21DD (self.wallstreetbets),UnfazedSynergy,744,299
31,CLOV vs MVISDiscussion (self.wallstreetbets),IlanAloin,186,285
32,NIO againDD (self.wallstreetbets),deSeingalt,154,131
33,"Changes to Calls/Puts Open Interest Holdings Thursday, April 29 End of DayDD (self.wallstreetbets)",628rand,21,28
34,"Daily Discussion Thread for April 30, 2021Daily Discussion (self.wallstreetbets)",OPINION_IS_UNPOPULAR,376,17883
1,"Daily Discussion Thread for May 04, 2021Daily Discussion (self.wallstreetbets)",OPINION_IS_UNPOPULAR,410,16645
2,Scam Alert: Wallstreetbets Telegram / CryptoMods (self.wallstreetbets),OPINION_IS_UNPOPULAR,13.5k,968
3,$MSFT Infinite Money Glitch ğŸš€ğŸš€ğŸš€Shitpost (self.wallstreetbets),mullerel,17.8k,698
4,CRSR crushed earnings to the moon we goDD (self.wallstreetbets),Aordex96,396,217
5,Nokia is extremely undervalued at current pricesDiscussion (self.wallstreetbets),Shark0710,388,116
6,Time to buy the dip $AMD - short DDDD (self.wallstreetbets),blackrose192,201,104
7,MindMed ($MNMD) and the upcoming Psychedelics #ShroomBoom ğŸ„Discussion (self.wallstreetbets),moneymonster420,1365,456
8,AMD: An explanation on merger arbitrage and how to play it for big gainsDD (self.wallstreetbets),darkfiber-,64,38
9,"Historical Post Earnings Moves MEGA Compilation (Week 3) - $AMC, $ROKU, $SQ, $ETSY, $Z, $PTON, $RKT, $CRSR, $MT, and MoreDD (self.wallstreetbets)",FluxRevived,51,16
10,Small CLOV DDDD (self.wallstreetbets),Impossible-Ad7389,376,176
11,An introduction to patent dataOCDD (self.wallstreetbets),pdwp90,17,6
12,$BP - Major Play for May 2021DD (self.wallstreetbets),timothyjmaxwell,26,26
13,"What Are Your Moves Tomorrow, May 04, 2021Daily Discussion (self.wallstreetbets)",OPINION_IS_UNPOPULAR,496,13314
14,SNDL Stock Price Drop. Holding!Discussion (self.wallstreetbets),No_Independence6436,24,46
15,ğŸ”¥$NOK has potential to reach $10+ğŸš€ğŸš€ğŸš€DD (self.wallstreetbets),TheDevelopedDeed,1362,381
16,$RKT Earnings PlayDD (self.wallstreetbets),Bear-Papi,323,113
17,RKT earnings options playDD (self.wallstreetbets),Fun_Fan_9641,251,129
18,"DD: $ASO - Lawyers, Guns, and MoneyDD (self.wallstreetbets)",F1rstxLas7,6,15
19,$OPEN is GROSSLY undervalued and will blow up soon (DD)DD (self.wallstreetbets),JohnyGhost,101,163
20,Why Iâ€™m all in on RKTDD (self.wallstreetbets),supersupersenior,432,284
21,Time for you apes to grow your first wrinkle. Why I think a cucked generation of millenials will blow RKT's ER on May 5th to UranusOCDD (self.wallstreetbets),SIR_JACK_A_LOT,415,163
22,"Corn: Ethanol Demand, Lack of Supply, Odd Weather and Expensive InputsDD (self.wallstreetbets)",1poundbookingfee,56,46
23,"Daily Discussion Thread for May 03, 2021Daily Discussion (self.wallstreetbets)",OPINION_IS_UNPOPULAR,544,17503
24,Is Plug going to beat Class Action Litigation?Discussion (self.wallstreetbets),NYLawyer770,None,3
25,Why Iâ€™m bullish on MVISDD (self.wallstreetbets),BigTurboAbarth,126,158
26,$X - THE ONLY DD You Need on UNITED STATES STEEL CORP - One of the Safest Stocks to YOLO till Mid Summer ğŸš€ğŸš€ğŸš€DD (self.wallstreetbets),YahyaJ,40,26
27,What's Happening in the Markets: Week of 5/3/2021Discussion (self.wallstreetbets),gintdm,113,79
1,9 hours ag,"Daily Discussion Thread for May 04, 2021Daily Discussion (self.wallstreetbets)",OPINION_IS_UNPOPULAR,420,16887
2,14 days ag,Scam Alert: Wallstreetbets Telegram / CryptoMods (self.wallstreetbets),OPINION_IS_UNPOPULAR,13.5k,968
3,16 hours a,$MSFT Infinite Money Glitch ğŸš€ğŸš€ğŸš€Shitpost (self.wallstreetbets),mullerel,17.9k,699
4,6 hours ag,CRSR crushed earnings to the moon we goDD (self.wallstreetbets),Aordex96,410,219
5,7 hours ag,Nokia is extremely undervalued at current pricesDiscussion (self.wallstreetbets),Shark0710,393,117
6,5 hours ag,Time to buy the dip $AMD - short DDDD (self.wallstreetbets),blackrose192,215,107
7,17 hours a,MindMed ($MNMD) and the upcoming Psychedelics #ShroomBoom ğŸ„Discussion (self.wallstreetbets),moneymonster420,1376,460
8,3 hours ag,AMD: An explanation on merger arbitrage and how to play it for big gainsDD (self.wallstreetbets),darkfiber-,69,40
9,4 hours ag,"Historical Post Earnings Moves MEGA Compilation (Week 3) - $AMC, $ROKU, $SQ, $ETSY, $Z, $PTON, $RKT, $CRSR, $MT, and MoreDD (self.wallstreetbets)",FluxRevived,50,16
10,17 hours a,Small CLOV DDDD (self.wallstreetbets),Impossible-Ad7389,374,176
11,2 hours ag,An introduction to patent dataOCDD (self.wallstreetbets),pdwp90,19,7
12,6 hours ag,$BP - Major Play for May 2021DD (self.wallstreetbets),timothyjmaxwell,29,26
13,22 hours a,"What Are Your Moves Tomorrow, May 04, 2021Daily Discussion (self.wallstreetbets)",OPINION_IS_UNPOPULAR,494,13317
14,6 hours ag,SNDL Stock Price Drop. Holding!Discussion (self.wallstreetbets),No_Independence6436,28,47
15,1 day ago,ğŸ”¥$NOK has potential to reach $10+ğŸš€ğŸš€ğŸš€DD (self.wallstreetbets),TheDevelopedDeed,1362,381
16,22 hours a,$RKT Earnings PlayDD (self.wallstreetbets),Bear-Papi,322,113
17,22 hours a,RKT earnings options playDD (self.wallstreetbets),Fun_Fan_9641,251,130
18,5 hours ag,"DD: $ASO - Lawyers, Guns, and MoneyDD (self.wallstreetbets)",F1rstxLas7,6,15
19,20 hours a,$OPEN is GROSSLY undervalued and will blow up soon (DD)DD (self.wallstreetbets),JohnyGhost,98,164
20,1 day ago,Why Iâ€™m all in on RKTDD (self.wallstreetbets),supersupersenior,438,284
21,1 hour ago,Is Plug going to beat Class Action Litigation?Discussion (self.wallstreetbets),NYLawyer770,None,4
22,1 day ago,Time for you apes to grow your first wrinkle. Why I think a cucked generation of millenials will blow RKT's ER on May 5th to UranusOCDD (self.wallstreetbets),SIR_JACK_A_LOT,415,163
23,20 hours a,"Corn: Ethanol Demand, Lack of Supply, Odd Weather and Expensive InputsDD (self.wallstreetbets)",1poundbookingfee,57,46
24,1 day ago,"Daily Discussion Thread for May 03, 2021Daily Discussion (self.wallstreetbets)",OPINION_IS_UNPOPULAR,543,17503
25,1 minute a,TSXV: NBM.V. This Junior Resource Company is set to supply the EV market for years to come.Discussion (self.wallstreetbets),JilltryHolmes,None,0
26,1 day ago,Why Iâ€™m bullish on MVISDD (self.wallstreetbets),BigTurboAbarth,127,158
1,9 hours ago,"Daily Discussion Thread for May 04, 2021Daily Discussion (self.wallstreetbets)",OPINION_IS_UNPOPULAR,416,16917
2,14 days ago,Scam Alert: Wallstreetbets Telegram / CryptoMods (self.wallstreetbets),OPINION_IS_UNPOPULAR,13.5k,968
3,16 hours ago,$MSFT Infinite Money Glitch ğŸš€ğŸš€ğŸš€Shitpost (self.wallstreetbets),mullerel,17.9k,699
4,6 hours ago,CRSR crushed earnings to the moon we goDD (self.wallstreetbets),Aordex96,408,220
5,7 hours ago,Nokia is extremely undervalued at current pricesDiscussion (self.wallstreetbets),Shark0710,394,117
6,5 hours ago,Time to buy the dip $AMD - short DDDD (self.wallstreetbets),blackrose192,213,107
7,17 hours ago,MindMed ($MNMD) and the upcoming Psychedelics #ShroomBoom ğŸ„Discussion (self.wallstreetbets),moneymonster420,1377,460
8,3 hours ago,AMD: An explanation on merger arbitrage and how to play it for big gainsDD (self.wallstreetbets),darkfiber-,69,40
1,,"Daily Discussion Thread for May 04, 2021Daily Discussion (self.wallstreetbets)",OPINION_IS_UNPOPULAR,425,17004
2,,Scam Alert: Wallstreetbets Telegram / CryptoMods (self.wallstreetbets),OPINION_IS_UNPOPULAR,13.5k,969
3,,$MSFT Infinite Money Glitch ğŸš€ğŸš€ğŸš€Shitpost (self.wallstreetbets),mullerel,17.9k,699
4,,CRSR crushed earnings to the moon we goDD (self.wallstreetbets),Aordex96,416,221
5,,Nokia is extremely undervalued at current pricesDiscussion (self.wallstreetbets),Shark0710,399,117
6,,Time to buy the dip $AMD - short DDDD (self.wallstreetbets),blackrose192,211,107
7,,MindMed ($MNMD) and the upcoming Psychedelics #ShroomBoom ğŸ„Discussion (self.wallstreetbets),moneymonster420,1377,461
8,,AMD: An explanation on merger arbitrage and how to play it for big gainsDD (self.wallstreetbets),darkfiber-,67,40
1,,"Daily Discussion Thread for May 04, 2021Daily Discussion (self.wallstreetbets)",OPINION_IS_UNPOPULAR,428,17010
2,,Scam Alert: Wallstreetbets Telegram / CryptoMods (self.wallstreetbets),OPINION_IS_UNPOPULAR,13.5k,969
3,,$MSFT Infinite Money Glitch ğŸš€ğŸš€ğŸš€Shitpost (self.wallstreetbets),mullerel,17.9k,699
4,,CRSR crushed earnings to the moon we goDD (self.wallstreetbets),Aordex96,413,221
5,,Nokia is extremely undervalued at current pricesDiscussion (self.wallstreetbets),Shark0710,397,117
6,,Time to buy the dip $AMD - short DDDD (self.wallstreetbets),blackrose192,214,107
7,,MindMed ($MNMD) and the upcoming Psychedelics #ShroomBoom ğŸ„Discussion (self.wallstreetbets),moneymonster420,1375,461
8,,AMD: An explanation on merger arbitrage and how to play it for big gainsDD (self.wallstreetbets),darkfiber-,69,40
1,,"Daily Discussion Thread for May 04, 2021Daily Discussion (self.wallstreetbets)",OPINION_IS_UNPOPULAR,434,17337
2,,Scam Alert: Wallstreetbets Telegram / CryptoMods (self.wallstreetbets),OPINION_IS_UNPOPULAR,13.5k,971
3,,$MSFT Infinite Money Glitch ğŸš€ğŸš€ğŸš€Shitpost (self.wallstreetbets),mullerel,17.9k,701
4,,CRSR crushed earnings to the moon we goDD (self.wallstreetbets),Aordex96,425,224
5,,Nokia is extremely undervalued at current pricesDiscussion (self.wallstreetbets),Shark0710,407,119
6,,Time to buy the dip $AMD - short DDDD (self.wallstreetbets),blackrose192,217,108
7,,MindMed ($MNMD) and the upcoming Psychedelics #ShroomBoom ğŸ„Discussion (self.wallstreetbets),moneymonster420,1390,463
8,,AMD: An explanation on merger arbitrage and how to play it for big gainsDD (self.wallstreetbets),darkfiber-,71,40
1,"<time class=""live-timestamp"" datetime=""2021-05-04T10:00:18+00:00"" title=""Tue May 4 10:00:18 2021 UTC"">9 hours ago</time>","Daily Discussion Thread for May 04, 2021Daily Discussion (self.wallstreetbets)",OPINION_IS_UNPOPULAR,434,17353
2,"<time class=""live-timestamp"" datetime=""2021-04-19T21:35:18+00:00"" title=""Mon Apr 19 21:35:18 2021 UTC"">14 days ago</time>",Scam Alert: Wallstreetbets Telegram / CryptoMods (self.wallstreetbets),OPINION_IS_UNPOPULAR,13.5k,971
3,"<time class=""live-timestamp"" datetime=""2021-05-04T02:25:08+00:00"" title=""Tue May 4 02:25:08 2021 UTC"">16 hours ago</time>",$MSFT Infinite Money Glitch ğŸš€ğŸš€ğŸš€Shitpost (self.wallstreetbets),mullerel,17.9k,701
4,"<time class=""live-timestamp"" datetime=""2021-05-04T12:19:19+00:00"" title=""Tue May 4 12:19:19 2021 UTC"">7 hours ago</time>",CRSR crushed earnings to the moon we goDD (self.wallstreetbets),Aordex96,421,224
5,"<time class=""live-timestamp"" datetime=""2021-05-04T11:41:54+00:00"" title=""Tue May 4 11:41:54 2021 UTC"">7 hours ago</time>",Nokia is extremely undervalued at current pricesDiscussion (self.wallstreetbets),Shark0710,413,119
6,"<time class=""live-timestamp"" datetime=""2021-05-04T12:39:19+00:00"" title=""Tue May 4 12:39:19 2021 UTC"">5 hours ago</time>",Time to buy the dip $AMD - short DDDD (self.wallstreetbets),blackrose192,218,108
7,"<time class=""live-timestamp"" datetime=""2021-05-04T00:54:35+00:00"" title=""Tue May 4 00:54:35 2021 UTC"">17 hours ago</time>",MindMed ($MNMD) and the upcoming Psychedelics #ShroomBoom ğŸ„Discussion (self.wallstreetbets),moneymonster420,1383,463
8,"<time class=""live-timestamp"" datetime=""2021-05-04T15:27:51+00:00"" title=""Tue May 4 15:27:51 2021 UTC"">3 hours ago</time>",AMD: An explanation on merger arbitrage and how to play it for big gainsDD (self.wallstreetbets),darkfiber-,74,40
1,,"Daily Discussion Thread for May 04, 2021Daily Discussion (self.wallstreetbets)",OPINION_IS_UNPOPULAR,435,17352
2,,Scam Alert: Wallstreetbets Telegram / CryptoMods (self.wallstreetbets),OPINION_IS_UNPOPULAR,13.5k,971
3,,$MSFT Infinite Money Glitch ğŸš€ğŸš€ğŸš€Shitpost (self.wallstreetbets),mullerel,17.9k,701
4,,CRSR crushed earnings to the moon we goDD (self.wallstreetbets),Aordex96,423,224
5,,Nokia is extremely undervalued at current pricesDiscussion (self.wallstreetbets),Shark0710,415,119
6,,Time to buy the dip $AMD - short DDDD (self.wallstreetbets),blackrose192,220,108
7,,MindMed ($MNMD) and the upcoming Psychedelics #ShroomBoom ğŸ„Discussion (self.wallstreetbets),moneymonster420,1385,463
8,,AMD: An explanation on merger arbitrage and how to play it for big gainsDD (self.wallstreetbets),darkfiber-,70,40
1,2021-05-04T10:00:18+00:00,"Daily Discussion Thread for May 04, 2021Daily Discussion (self.wallstreetbets)",OPINION_IS_UNPOPULAR,435,17373
2,2021-04-19T21:35:18+00:00,Scam Alert: Wallstreetbets Telegram / CryptoMods (self.wallstreetbets),OPINION_IS_UNPOPULAR,13.5k,971
3,2021-05-04T02:25:08+00:00,$MSFT Infinite Money Glitch ğŸš€ğŸš€ğŸš€Shitpost (self.wallstreetbets),mullerel,17.9k,701
4,2021-05-04T12:19:19+00:00,CRSR crushed earnings to the moon we goDD (self.wallstreetbets),Aordex96,424,224
5,2021-05-04T11:41:54+00:00,Nokia is extremely undervalued at current pricesDiscussion (self.wallstreetbets),Shark0710,406,119
6,2021-05-04T12:39:19+00:00,Time to buy the dip $AMD - short DDDD (self.wallstreetbets),blackrose192,217,108
7,2021-05-04T00:54:35+00:00,MindMed ($MNMD) and the upcoming Psychedelics #ShroomBoom ğŸ„Discussion (self.wallstreetbets),moneymonster420,1388,463
8,2021-05-04T15:27:51+00:00,AMD: An explanation on merger arbitrage and how to play it for big gainsDD (self.wallstreetbets),darkfiber-,68,40
1,2021-05-0,"Daily Discussion Thread for May 04, 2021Daily Discussion (self.wallstreetbets)",OPINION_IS_UNPOPULAR,440,17387
2,2021-04-1,Scam Alert: Wallstreetbets Telegram / CryptoMods (self.wallstreetbets),OPINION_IS_UNPOPULAR,13.5k,971
3,2021-05-0,$MSFT Infinite Money Glitch ğŸš€ğŸš€ğŸš€Shitpost (self.wallstreetbets),mullerel,17.9k,701
4,2021-05-0,CRSR crushed earnings to the moon we goDD (self.wallstreetbets),Aordex96,423,224
5,2021-05-0,Nokia is extremely undervalued at current pricesDiscussion (self.wallstreetbets),Shark0710,408,119
6,2021-05-0,Time to buy the dip $AMD - short DDDD (self.wallstreetbets),blackrose192,219,108
7,2021-05-0,MindMed ($MNMD) and the upcoming Psychedelics #ShroomBoom ğŸ„Discussion (self.wallstreetbets),moneymonster420,1380,463
8,2021-05-0,AMD: An explanation on merger arbitrage and how to play it for big gainsDD (self.wallstreetbets),darkfiber-,73,40
1,2021-05-04,"Daily Discussion Thread for May 04, 2021Daily Discussion (self.wallstreetbets)",OPINION_IS_UNPOPULAR,440,17390
2,2021-04-19,Scam Alert: Wallstreetbets Telegram / CryptoMods (self.wallstreetbets),OPINION_IS_UNPOPULAR,13.5k,971
3,2021-05-04,$MSFT Infinite Money Glitch ğŸš€ğŸš€ğŸš€Shitpost (self.wallstreetbets),mullerel,17.9k,701
4,2021-05-04,CRSR crushed earnings to the moon we goDD (self.wallstreetbets),Aordex96,423,224
5,2021-05-04,Nokia is extremely undervalued at current pricesDiscussion (self.wallstreetbets),Shark0710,409,119
6,2021-05-04,Time to buy the dip $AMD - short DDDD (self.wallstreetbets),blackrose192,222,108
7,2021-05-04,MindMed ($MNMD) and the upcoming Psychedelics #ShroomBoom ğŸ„Discussion (self.wallstreetbets),moneymonster420,1390,463
8,2021-05-04,AMD: An explanation on merger arbitrage and how to play it for big gainsDD (self.wallstreetbets),darkfiber-,71,40
1,2021-05-04,T10:00:18+00:00,"Daily Discussion Thread for May 04, 2021Daily Discussion (self.wallstreetbets)",OPINION_IS_UNPOPULAR,435,17417
2,2021-04-19,T21:35:18+00:00,Scam Alert: Wallstreetbets Telegram / CryptoMods (self.wallstreetbets),OPINION_IS_UNPOPULAR,13.5k,971
3,2021-05-04,T02:25:08+00:00,$MSFT Infinite Money Glitch ğŸš€ğŸš€ğŸš€Shitpost (self.wallstreetbets),mullerel,17.9k,701
4,2021-05-04,T12:19:19+00:00,CRSR crushed earnings to the moon we goDD (self.wallstreetbets),Aordex96,423,224
5,2021-05-04,T11:41:54+00:00,Nokia is extremely undervalued at current pricesDiscussion (self.wallstreetbets),Shark0710,411,119
6,2021-05-04,T12:39:19+00:00,Time to buy the dip $AMD - short DDDD (self.wallstreetbets),blackrose192,217,108
7,2021-05-04,T00:54:35+00:00,MindMed ($MNMD) and the upcoming Psychedelics #ShroomBoom ğŸ„Discussion (self.wallstreetbets),moneymonster420,1388,463
8,2021-05-04,T15:27:51+00:00,AMD: An explanation on merger arbitrage and how to play it for big gainsDD (self.wallstreetbets),darkfiber-,71,41
1,2021-05-04,2021-05-04T10:00:18+00:00,"Daily Discussion Thread for May 04, 2021Daily Discussion (self.wallstreetbets)",OPINION_IS_UNPOPULAR,432,17434
2,2021-04-19,2021-04-19T21:35:18+00:00,Scam Alert: Wallstreetbets Telegram / CryptoMods (self.wallstreetbets),OPINION_IS_UNPOPULAR,13.5k,971
3,2021-05-04,2021-05-04T02:25:08+00:00,$MSFT Infinite Money Glitch ğŸš€ğŸš€ğŸš€Shitpost (self.wallstreetbets),mullerel,17.9k,701
4,2021-05-04,2021-05-04T12:19:19+00:00,CRSR crushed earnings to the moon we goDD (self.wallstreetbets),Aordex96,427,224
5,2021-05-04,2021-05-04T11:41:54+00:00,Nokia is extremely undervalued at current pricesDiscussion (self.wallstreetbets),Shark0710,408,119
6,2021-05-04,2021-05-04T12:39:19+00:00,Time to buy the dip $AMD - short DDDD (self.wallstreetbets),blackrose192,221,108
7,2021-05-04,2021-05-04T00:54:35+00:00,MindMed ($MNMD) and the upcoming Psychedelics #ShroomBoom ğŸ„Discussion (self.wallstreetbets),moneymonster420,1387,463
8,2021-05-04,2021-05-04T15:27:51+00:00,AMD: An explanation on merger arbitrage and how to play it for big gainsDD (self.wallstreetbets),darkfiber-,72,41
1,2021-05-04,<module 'time' (built-in)>,"Daily Discussion Thread for May 04, 2021Daily Discussion (self.wallstreetbets)",OPINION_IS_UNPOPULAR,431,17450
2,2021-04-19,<module 'time' (built-in)>,Scam Alert: Wallstreetbets Telegram / CryptoMods (self.wallstreetbets),OPINION_IS_UNPOPULAR,13.5k,971
3,2021-05-04,<module 'time' (built-in)>,$MSFT Infinite Money Glitch ğŸš€ğŸš€ğŸš€Shitpost (self.wallstreetbets),mullerel,18.0k,701
4,2021-05-04,<module 'time' (built-in)>,CRSR crushed earnings to the moon we goDD (self.wallstreetbets),Aordex96,419,224
5,2021-05-04,<module 'time' (built-in)>,Nokia is extremely undervalued at current pricesDiscussion (self.wallstreetbets),Shark0710,415,119
6,2021-05-04,<module 'time' (built-in)>,Time to buy the dip $AMD - short DDDD (self.wallstreetbets),blackrose192,218,108
7,2021-05-04,<module 'time' (built-in)>,MindMed ($MNMD) and the upcoming Psychedelics #ShroomBoom ğŸ„Discussion (self.wallstreetbets),moneymonster420,1383,463
8,2021-05-04,<module 'time' (built-in)>,AMD: An explanation on merger arbitrage and how to play it for big gainsDD (self.wallstreetbets),darkfiber-,72,41
1,2021-05-04,T10:00:18+00:00,"Daily Discussion Thread for May 04, 2021Daily Discussion (self.wallstreetbets)",OPINION_IS_UNPOPULAR,440,17480
2,2021-04-19,T21:35:18+00:00,Scam Alert: Wallstreetbets Telegram / CryptoMods (self.wallstreetbets),OPINION_IS_UNPOPULAR,13.5k,971
3,2021-05-04,T02:25:08+00:00,$MSFT Infinite Money Glitch ğŸš€ğŸš€ğŸš€Shitpost (self.wallstreetbets),mullerel,18.0k,701
4,2021-05-04,T12:19:19+00:00,CRSR crushed earnings to the moon we goDD (self.wallstreetbets),Aordex96,424,224
5,2021-05-04,T11:41:54+00:00,Nokia is extremely undervalued at current pricesDiscussion (self.wallstreetbets),Shark0710,412,119
6,2021-05-04,T12:39:19+00:00,Time to buy the dip $AMD - short DDDD (self.wallstreetbets),blackrose192,219,108
7,2021-05-04,T00:54:35+00:00,MindMed ($MNMD) and the upcoming Psychedelics #ShroomBoom ğŸ„Discussion (self.wallstreetbets),moneymonster420,1396,463
8,2021-05-04,T15:27:51+00:00,AMD: An explanation on merger arbitrage and how to play it for big gainsDD (self.wallstreetbets),darkfiber-,73,41
1,2021-05-04,10:00:18,"Daily Discussion Thread for May 04, 2021Daily Discussion (self.wallstreetbets)",OPINION_IS_UNPOPULAR,439,17511
2,2021-04-19,21:35:18,Scam Alert: Wallstreetbets Telegram / CryptoMods (self.wallstreetbets),OPINION_IS_UNPOPULAR,13.5k,971
3,2021-05-04,02:25:08,$MSFT Infinite Money Glitch ğŸš€ğŸš€ğŸš€Shitpost (self.wallstreetbets),mullerel,18.0k,701
4,2021-05-04,12:19:19,CRSR crushed earnings to the moon we goDD (self.wallstreetbets),Aordex96,428,224
5,2021-05-04,11:41:54,Nokia is extremely undervalued at current pricesDiscussion (self.wallstreetbets),Shark0710,411,119
6,2021-05-04,12:39:19,Time to buy the dip $AMD - short DDDD (self.wallstreetbets),blackrose192,223,108
7,2021-05-04,00:54:35,MindMed ($MNMD) and the upcoming Psychedelics #ShroomBoom ğŸ„Discussion (self.wallstreetbets),moneymonster420,1397,463
8,2021-05-04,15:27:51,AMD: An explanation on merger arbitrage and how to play it for big gainsDD (self.wallstreetbets),darkfiber-,74,41
1,2021-05-04,10:00:18,"Daily Discussion Thread for May 04, 2021Daily Discussion (self.wallstreetbets)",OPINION_IS_UNPOPULAR,440,17646,
2,2021-04-19,21:35:18,Scam Alert: Wallstreetbets Telegram / CryptoMods (self.wallstreetbets),OPINION_IS_UNPOPULAR,13.5k,971,
3,2021-05-04,02:25:08,$MSFT Infinite Money Glitch ğŸš€ğŸš€ğŸš€Shitpost (self.wallstreetbets),mullerel,18.0k,701,
4,2021-05-04,12:19:19,CRSR crushed earnings to the moon we goDD (self.wallstreetbets),Aordex96,427,224,
5,2021-05-04,11:41:54,Nokia is extremely undervalued at current pricesDiscussion (self.wallstreetbets),Shark0710,412,119,
6,2021-05-04,12:39:19,Time to buy the dip $AMD - short DDDD (self.wallstreetbets),blackrose192,221,108,
7,2021-05-04,00:54:35,MindMed ($MNMD) and the upcoming Psychedelics #ShroomBoom ğŸ„Discussion (self.wallstreetbets),moneymonster420,1398,463,
8,2021-05-04,15:27:51,AMD: An explanation on merger arbitrage and how to play it for big gainsDD (self.wallstreetbets),darkfiber-,74,41,
1,2021-05-04,10:00:18,"Daily Discussion Thread for May 04, 2021Daily Discussion (self.wallstreetbets)",OPINION_IS_UNPOPULAR,438,17723,/r/wallstreetbets/comments/n4klyx/daily_discussion_thread_for_may_04_2021/
2,2021-04-19,21:35:18,Scam Alert: Wallstreetbets Telegram / CryptoMods (self.wallstreetbets),OPINION_IS_UNPOPULAR,13.5k,971,/r/wallstreetbets/comments/mub6t7/scam_alert_wallstreetbets_telegram_crypto/
3,2021-05-04,02:25:08,$MSFT Infinite Money Glitch ğŸš€ğŸš€ğŸš€Shitpost (self.wallstreetbets),mullerel,18.0k,702,/r/wallstreetbets/comments/n4dvka/msft_infinite_money_glitch/
4,2021-05-04,12:19:19,CRSR crushed earnings to the moon we goDD (self.wallstreetbets),Aordex96,431,224,/r/wallstreetbets/comments/n4myt6/crsr_crushed_earnings_to_the_moon_we_go/
5,2021-05-04,11:41:54,Nokia is extremely undervalued at current pricesDiscussion (self.wallstreetbets),Shark0710,420,119,/r/wallstreetbets/comments/n4m8mw/nokia_is_extremely_undervalued_at_current_prices/
6,2021-05-04,12:39:19,Time to buy the dip $AMD - short DDDD (self.wallstreetbets),blackrose192,230,108,/r/wallstreetbets/comments/n4ncpw/time_to_buy_the_dip_amd_short_dd/
7,2021-05-04,00:54:35,MindMed ($MNMD) and the upcoming Psychedelics #ShroomBoom ğŸ„Discussion (self.wallstreetbets),moneymonster420,1402,465,/r/wallstreetbets/comments/n4c6yo/mindmed_mnmd_and_the_upcoming_psychedelics/
8,2021-05-04,15:27:51,AMD: An explanation on merger arbitrage and how to play it for big gainsDD (self.wallstreetbets),darkfiber-,79,41,/r/wallstreetbets/comments/n4r47g/amd_an_explanation_on_merger_arbitrage_and_how_to/
1,2021-05-04,10:00:18,"Daily Discussion Thread for May 04, 2021Daily Discussion (self.wallstreetbets)",OPINION_IS_UNPOPULAR,446,18061,/r/wallstreetbets/comments/n4klyx/daily_discussion_thread_for_may_04_2021/
2,2021-04-19,21:35:18,Scam Alert: Wallstreetbets Telegram / CryptoMods (self.wallstreetbets),OPINION_IS_UNPOPULAR,13.5k,971,/r/wallstreetbets/comments/mub6t7/scam_alert_wallstreetbets_telegram_crypto/
3,2021-05-04,02:25:08,$MSFT Infinite Money Glitch ğŸš€ğŸš€ğŸš€Shitpost (self.wallstreetbets),mullerel,18.0k,705,/r/wallstreetbets/comments/n4dvka/msft_infinite_money_glitch/
4,2021-05-04,12:19:19,CRSR crushed earnings to the moon we goDD (self.wallstreetbets),Aordex96,431,225,/r/wallstreetbets/comments/n4myt6/crsr_crushed_earnings_to_the_moon_we_go/
5,2021-05-04,11:41:54,Nokia is extremely undervalued at current pricesDiscussion (self.wallstreetbets),Shark0710,421,119,/r/wallstreetbets/comments/n4m8mw/nokia_is_extremely_undervalued_at_current_prices/
6,2021-05-04,12:39:19,Time to buy the dip $AMD - short DDDD (self.wallstreetbets),blackrose192,227,109,/r/wallstreetbets/comments/n4ncpw/time_to_buy_the_dip_amd_short_dd/
7,2021-05-04,00:54:35,MindMed ($MNMD) and the upcoming Psychedelics #ShroomBoom ğŸ„Discussion (self.wallstreetbets),moneymonster420,1398,465,/r/wallstreetbets/comments/n4c6yo/mindmed_mnmd_and_the_upcoming_psychedelics/
8,2021-05-04,15:27:51,AMD: An explanation on merger arbitrage and how to play it for big gainsDD (self.wallstreetbets),darkfiber-,83,45,/r/wallstreetbets/comments/n4r47g/amd_an_explanation_on_merger_arbitrage_and_how_to/
1,2021-05-04,10:00:18,"Daily Discussion Thread for May 04, 2021Daily Discussion (self.wallstreetbets)",OPINION_IS_UNPOPULAR,451,18075,/r/wallstreetbets/comments/n4klyx/daily_discussion_thread_for_may_04_2021/
2,2021-04-19,21:35:18,Scam Alert: Wallstreetbets Telegram / CryptoMods (self.wallstreetbets),OPINION_IS_UNPOPULAR,13.5k,971,/r/wallstreetbets/comments/mub6t7/scam_alert_wallstreetbets_telegram_crypto/
3,2021-05-04,02:25:08,$MSFT Infinite Money Glitch ğŸš€ğŸš€ğŸš€Shitpost (self.wallstreetbets),mullerel,18.0k,705,/r/wallstreetbets/comments/n4dvka/msft_infinite_money_glitch/
4,2021-05-04,12:19:19,CRSR crushed earnings to the moon we goDD (self.wallstreetbets),Aordex96,435,225,/r/wallstreetbets/comments/n4myt6/crsr_crushed_earnings_to_the_moon_we_go/
5,2021-05-04,11:41:54,Nokia is extremely undervalued at current pricesDiscussion (self.wallstreetbets),Shark0710,427,119,/r/wallstreetbets/comments/n4m8mw/nokia_is_extremely_undervalued_at_current_prices/
6,2021-05-04,12:39:19,Time to buy the dip $AMD - short DDDD (self.wallstreetbets),blackrose192,232,109,/r/wallstreetbets/comments/n4ncpw/time_to_buy_the_dip_amd_short_dd/
7,2021-05-04,00:54:35,MindMed ($MNMD) and the upcoming Psychedelics #ShroomBoom ğŸ„Discussion (self.wallstreetbets),moneymonster420,1394,465,/r/wallstreetbets/comments/n4c6yo/mindmed_mnmd_and_the_upcoming_psychedelics/
8,2021-05-04,15:27:51,AMD: An explanation on merger arbitrage and how to play it for big gainsDD (self.wallstreetbets),darkfiber-,82,45,/r/wallstreetbets/comments/n4r47g/amd_an_explanation_on_merger_arbitrage_and_how_to/
1,2021-05-04,10:00:18,"Daily Discussion Thread for May 04, 2021Daily Discussion (self.wallstreetbets)",OPINION_IS_UNPOPULAR,452,18117,/r/wallstreetbets/comments/n4klyx/daily_discussion_thread_for_may_04_2021/
2,2021-04-19,21:35:18,Scam Alert: Wallstreetbets Telegram / CryptoMods (self.wallstreetbets),OPINION_IS_UNPOPULAR,13.5k,971,/r/wallstreetbets/comments/mub6t7/scam_alert_wallstreetbets_telegram_crypto/
3,2021-05-04,02:25:08,$MSFT Infinite Money Glitch ğŸš€ğŸš€ğŸš€Shitpost (self.wallstreetbets),mullerel,18.0k,705,/r/wallstreetbets/comments/n4dvka/msft_infinite_money_glitch/
1,2021-05-04,10:00:18,"Daily Discussion Thread for May 04, 2021Daily Discussion (self.wallstreetbets)",OPINION_IS_UNPOPULAR,447,18131,/r/wallstreetbets/comments/n4klyx/daily_discussion_thread_for_may_04_2021/
2,2021-04-19,21:35:18,Scam Alert: Wallstreetbets Telegram / CryptoMods (self.wallstreetbets),OPINION_IS_UNPOPULAR,13.5k,971,/r/wallstreetbets/comments/mub6t7/scam_alert_wallstreetbets_telegram_crypto/
3,2021-05-04,02:25:08,$MSFT Infinite Money Glitch ğŸš€ğŸš€ğŸš€Shitpost (self.wallstreetbets),mullerel,18.0k,705,/r/wallstreetbets/comments/n4dvka/msft_infinite_money_glitch/
4,2021-05-04,12:19:19,CRSR crushed earnings to the moon we goDD (self.wallstreetbets),Aordex96,432,225,/r/wallstreetbets/comments/n4myt6/crsr_crushed_earnings_to_the_moon_we_go/
5,2021-05-04,11:41:54,Nokia is extremely undervalued at current pricesDiscussion (self.wallstreetbets),Shark0710,420,120,/r/wallstreetbets/comments/n4m8mw/nokia_is_extremely_undervalued_at_current_prices/
6,2021-05-04,12:39:19,Time to buy the dip $AMD - short DDDD (self.wallstreetbets),blackrose192,226,109,/r/wallstreetbets/comments/n4ncpw/time_to_buy_the_dip_amd_short_dd/
7,2021-05-04,00:54:35,MindMed ($MNMD) and the upcoming Psychedelics #ShroomBoom ğŸ„Discussion (self.wallstreetbets),moneymonster420,1398,465,/r/wallstreetbets/comments/n4c6yo/mindmed_mnmd_and_the_upcoming_psychedelics/
8,2021-05-04,15:27:51,AMD: An explanation on merger arbitrage and how to play it for big gainsDD (self.wallstreetbets),darkfiber-,83,45,/r/wallstreetbets/comments/n4r47g/amd_an_explanation_on_merger_arbitrage_and_how_to/
1,2021-05-04,10:00:18,"Daily Discussion Thread for May 04, 2021Daily Discussion (self.wallstreetbets)",OPINION_IS_UNPOPULAR,448,18159,/r/wallstreetbets/comments/n4klyx/daily_discussion_thread_for_may_04_2021/
2,2021-04-19,21:35:18,Scam Alert: Wallstreetbets Telegram / CryptoMods (self.wallstreetbets),OPINION_IS_UNPOPULAR,13.5k,971,/r/wallstreetbets/comments/mub6t7/scam_alert_wallstreetbets_telegram_crypto/
3,2021-05-04,02:25:08,$MSFT Infinite Money Glitch ğŸš€ğŸš€ğŸš€Shitpost (self.wallstreetbets),mullerel,18.0k,705,/r/wallstreetbets/comments/n4dvka/msft_infinite_money_glitch/
4,2021-05-04,12:19:19,CRSR crushed earnings to the moon we goDD (self.wallstreetbets),Aordex96,435,225,/r/wallstreetbets/comments/n4myt6/crsr_crushed_earnings_to_the_moon_we_go/
5,2021-05-04,11:41:54,Nokia is extremely undervalued at current pricesDiscussion (self.wallstreetbets),Shark0710,423,120,/r/wallstreetbets/comments/n4m8mw/nokia_is_extremely_undervalued_at_current_prices/
6,2021-05-04,12:39:19,Time to buy the dip $AMD - short DDDD (self.wallstreetbets),blackrose192,229,109,/r/wallstreetbets/comments/n4ncpw/time_to_buy_the_dip_amd_short_dd/
7,2021-05-04,00:54:35,MindMed ($MNMD) and the upcoming Psychedelics #ShroomBoom ğŸ„Discussion (self.wallstreetbets),moneymonster420,1403,465,/r/wallstreetbets/comments/n4c6yo/mindmed_mnmd_and_the_upcoming_psychedelics/
8,2021-05-04,15:27:51,AMD: An explanation on merger arbitrage and how to play it for big gainsDD (self.wallstreetbets),darkfiber-,82,45,/r/wallstreetbets/comments/n4r47g/amd_an_explanation_on_merger_arbitrage_and_how_to/
1,2021-05-04,10:00:18,"Daily Discussion Thread for May 04, 2021Daily Discussion (self.wallstreetbets)",OPINION_IS_UNPOPULAR,447,18199,/r/wallstreetbets/comments/n4klyx/daily_discussion_thread_for_may_04_2021/
2,2021-04-19,21:35:18,Scam Alert: Wallstreetbets Telegram / CryptoMods (self.wallstreetbets),OPINION_IS_UNPOPULAR,13.5k,971,/r/wallstreetbets/comments/mub6t7/scam_alert_wallstreetbets_telegram_crypto/
3,2021-05-04,02:25:08,$MSFT Infinite Money Glitch ğŸš€ğŸš€ğŸš€Shitpost (self.wallstreetbets),mullerel,18.0k,705,/r/wallstreetbets/comments/n4dvka/msft_infinite_money_glitch/
4,2021-05-04,12:19:19,CRSR crushed earnings to the moon we goDD (self.wallstreetbets),Aordex96,436,226,/r/wallstreetbets/comments/n4myt6/crsr_crushed_earnings_to_the_moon_we_go/
5,2021-05-04,11:41:54,Nokia is extremely undervalued at current pricesDiscussion (self.wallstreetbets),Shark0710,425,120,/r/wallstreetbets/comments/n4m8mw/nokia_is_extremely_undervalued_at_current_prices/
6,2021-05-04,12:39:19,Time to buy the dip $AMD - short DDDD (self.wallstreetbets),blackrose192,232,109,/r/wallstreetbets/comments/n4ncpw/time_to_buy_the_dip_amd_short_dd/
7,2021-05-04,00:54:35,MindMed ($MNMD) and the upcoming Psychedelics #ShroomBoom ğŸ„Discussion (self.wallstreetbets),moneymonster420,1403,465,/r/wallstreetbets/comments/n4c6yo/mindmed_mnmd_and_the_upcoming_psychedelics/
8,2021-05-04,15:27:51,AMD: An explanation on merger arbitrage and how to play it for big gainsDD (self.wallstreetbets),darkfiber-,85,45,/r/wallstreetbets/comments/n4r47g/amd_an_explanation_on_merger_arbitrage_and_how_to/
1,2021-05-04,10:00:18,"Daily Discussion Thread for May 04, 2021Daily Discussion (self.wallstreetbets)",OPINION_IS_UNPOPULAR,451,18225,/r/wallstreetbets/comments/n4klyx/daily_discussion_thread_for_may_04_2021/
2,2021-04-19,21:35:18,Scam Alert: Wallstreetbets Telegram / CryptoMods (self.wallstreetbets),OPINION_IS_UNPOPULAR,13.5k,971,/r/wallstreetbets/comments/mub6t7/scam_alert_wallstreetbets_telegram_crypto/
3,2021-05-04,02:25:08,$MSFT Infinite Money Glitch ğŸš€ğŸš€ğŸš€Shitpost (self.wallstreetbets),mullerel,18.0k,705,/r/wallstreetbets/comments/n4dvka/msft_infinite_money_glitch/
4,2021-05-04,12:19:19,CRSR crushed earnings to the moon we goDD (self.wallstreetbets),Aordex96,434,227,/r/wallstreetbets/comments/n4myt6/crsr_crushed_earnings_to_the_moon_we_go/
5,2021-05-04,11:41:54,Nokia is extremely undervalued at current pricesDiscussion (self.wallstreetbets),Shark0710,427,120,/r/wallstreetbets/comments/n4m8mw/nokia_is_extremely_undervalued_at_current_prices/
6,2021-05-04,12:39:19,Time to buy the dip $AMD - short DDDD (self.wallstreetbets),blackrose192,232,109,/r/wallstreetbets/comments/n4ncpw/time_to_buy_the_dip_amd_short_dd/
7,2021-05-04,00:54:35,MindMed ($MNMD) and the upcoming Psychedelics #ShroomBoom ğŸ„Discussion (self.wallstreetbets),moneymonster420,1399,465,/r/wallstreetbets/comments/n4c6yo/mindmed_mnmd_and_the_upcoming_psychedelics/
8,2021-05-04,15:27:51,AMD: An explanation on merger arbitrage and how to play it for big gainsDD (self.wallstreetbets),darkfiber-,80,45,/r/wallstreetbets/comments/n4r47g/amd_an_explanation_on_merger_arbitrage_and_how_to/
1,2021-05-04,10:00:18,"Daily Discussion Thread for May 04, 2021Daily Discussion (self.wallstreetbets)",OPINION_IS_UNPOPULAR,445,18236,/r/wallstreetbets/comments/n4klyx/daily_discussion_thread_for_may_04_2021/
2,2021-04-19,21:35:18,Scam Alert: Wallstreetbets Telegram / CryptoMods (self.wallstreetbets),OPINION_IS_UNPOPULAR,13.5k,971,/r/wallstreetbets/comments/mub6t7/scam_alert_wallstreetbets_telegram_crypto/
3,2021-05-04,02:25:08,$MSFT Infinite Money Glitch ğŸš€ğŸš€ğŸš€Shitpost (self.wallstreetbets),mullerel,18.0k,705,/r/wallstreetbets/comments/n4dvka/msft_infinite_money_glitch/
4,2021-05-04,12:19:19,CRSR crushed earnings to the moon we goDD (self.wallstreetbets),Aordex96,435,228,/r/wallstreetbets/comments/n4myt6/crsr_crushed_earnings_to_the_moon_we_go/
5,2021-05-04,11:41:54,Nokia is extremely undervalued at current pricesDiscussion (self.wallstreetbets),Shark0710,425,120,/r/wallstreetbets/comments/n4m8mw/nokia_is_extremely_undervalued_at_current_prices/
6,2021-05-04,12:39:19,Time to buy the dip $AMD - short DDDD (self.wallstreetbets),blackrose192,235,109,/r/wallstreetbets/comments/n4ncpw/time_to_buy_the_dip_amd_short_dd/
7,2021-05-04,00:54:35,MindMed ($MNMD) and the upcoming Psychedelics #ShroomBoom ğŸ„Discussion (self.wallstreetbets),moneymonster420,1403,465,/r/wallstreetbets/comments/n4c6yo/mindmed_mnmd_and_the_upcoming_psychedelics/
8,2021-05-04,15:27:51,AMD: An explanation on merger arbitrage and how to play it for big gainsDD (self.wallstreetbets),darkfiber-,81,46,/r/wallstreetbets/comments/n4r47g/amd_an_explanation_on_merger_arbitrage_and_how_to/
9,2021-05-04,16:44:11,An introduction to patent dataOCDD (self.wallstreetbets),pdwp90,25,9,/r/wallstreetbets/comments/n4t05t/an_introduction_to_patent_data/
10,2021-05-04,01:02:47,Small CLOV DDDD (self.wallstreetbets),Impossible-Ad7389,379,177,/r/wallstreetbets/comments/n4ccoi/small_clov_dd/
11,2021-05-04,19:41:51,Sundial Growers and Recent News Release of The Valens Company.Discussion (self.wallstreetbets),No_Independence6436,None,1,/r/wallstreetbets/comments/n4w6w0/sundial_growers_and_recent_news_release_of_the/
12,2021-05-04,12:13:02,$BP - Major Play for May 2021DD (self.wallstreetbets),timothyjmaxwell,27,27,/r/wallstreetbets/comments/n4mtyg/bp_major_play_for_may_2021/
13,2021-05-04,12:36:58,SNDL Stock Price Drop. Holding!Discussion (self.wallstreetbets),No_Independence6436,26,48,/r/wallstreetbets/comments/n4nb4s/sndl_stock_price_drop_holding/
14,2021-05-03,20:00:20,"What Are Your Moves Tomorrow, May 04, 2021Daily Discussion (self.wallstreetbets)",OPINION_IS_UNPOPULAR,492,13329,/r/wallstreetbets/comments/n45qyv/what_are_your_moves_tomorrow_may_04_2021/
15,2021-05-03,13:08:58,ğŸ”¥$NOK has potential to reach $10+ğŸš€ğŸš€ğŸš€DD (self.wallstreetbets),TheDevelopedDeed,1361,381,/r/wallstreetbets/comments/n3vlr0/nok_has_potential_to_reach_10/
16,2021-05-03,19:54:17,$RKT Earnings PlayDD (self.wallstreetbets),Bear-Papi,332,114,/r/wallstreetbets/comments/n45lrl/rkt_earnings_play/
